﻿Year,Balancing Authority,"
Carbon Dioxide (CO2)
(Thousand Metric Tons)","
Sulfur Dioxide (SO2)
(Thousand Metric Tons)","
Nitrogen Oxides (NOx)
(Thousand Metric Tons)",Generation (Thousand Megawatthours),Kilograms of CO2 per Megawatthour of Generation,"Grams of
SO2 per Megawatthour of Generation","Grams of
NOx per Megawatthour of Generation"
2021,Alaska,3556.954,2.41,19.313,6595.818,539.274,365.316,2928.011
2021,Balancing Authority Not Reported,3556.954,2.41,19.313,6595.818,539.274,365.316,2928.011
2021,California,51827.132,3.69,79.088,208922.723,248.068,17.664,378.553
2021,Balancing Authority of Northern California,2692.646,0.017,1.102,10817.519,248.915,1.561,101.886
2021,California Independent System Operator,37245.522,1.406,65.441,170601.911,218.318,8.239,383.588
2021,Imperial Irrigation District,672.254,0.053,0.424,5986.077,112.303,8.92,70.876
2021,Los Angeles Department of Water and Power,10503.211,2.21,12.069,19750.695,531.789,111.916,611.047
2021,Turlock Irrigation District,713.499,0.004,0.053,1766.521,403.9,2.33,29.755
2021,Canadian Authorities,103.827,0.083,0.674,554.826,187.134,149.195,1214.84
2021,New Brunswick System Operator,103.827,0.083,0.674,554.826,187.134,149.195,1214.84
2021,Carolinas,66115.461,43.675,51.823,220248.197,300.186,198.301,235.295
2021,"Alcoa Power Generating, Inc. - Yadkin Division", , , ,854.657, , , 
2021,Duke Energy Carolinas,28302.36,5.495,22.391,117203.308,241.481,46.882,191.041
2021,Duke Energy Progress East,15451.006,19.409,16.601,59522.843,259.581,326.072,278.898
2021,Duke Energy Progress West, , , ,41.58, , , 
2021,South Carolina Electric & Gas Company,9835.243,6.267,6.437,25669.451,383.15,244.144,250.767
2021,South Carolina Public Service Authority,12526.852,12.505,6.395,16956.357,738.77,737.474,377.136
2021,Central,126623.75,113.365,100.224,272465.474,464.733,416.072,367.842
2021,Southwest Power Pool,124884.355,109.01,99.223,264407.743,472.317,412.282,375.266
2021,Southwestern Power Administration,1739.395,4.355,1.001,8057.731,215.867,540.447,124.252
2021,"Electric Reliability Council of Texas, Inc.",168949.13,111.823,112.982,418662.544,403.545,267.095,269.863
2021,"Electric Reliability Council of Texas, Inc.",168949.13,111.823,112.982,418662.544,403.545,267.095,269.863
2021,Florida,92011.433,28.684,40.434,237602.159,387.25,120.724,170.177
2021,"Duke Energy Florida, Inc.",21597.532,6.673,12.364,45506.032,474.608,146.647,271.695
2021,Florida Municipal Power Pool,8396.833,2.875,5.161,14786.256,567.881,194.407,349.064
2021,Florida Power & Light Co.,36577.028,3.994,10.696,128036.83,285.676,31.195,83.538
2021,Gainesville Regional Utilities,972.83,0.558,1.926,1929.969,504.065,289.001,997.98
2021,"Homestead, City of",0.226,0,0.005,-0.678,-333.378,-351.128,-7000.325
2021,JEA,5684.477,8.361,4.595,10502.765,541.236,796.086,437.531
2021,Seminole Electric Cooperative,7794.241,4.591,2.357,10756.992,724.574,426.811,219.125
2021,"Tallahassee, City of",1160.606,0.011,0.304,2859.783,405.837,3.762,106.418
2021,Tampa Electric Company,9827.66,1.621,3.026,23224.21,423.164,69.813,130.286
2021,Hawaii,6428.723,16.075,14.842,9181.831,700.157,1750.735,1616.446
2021,Balancing Authority Not Reported,6428.723,15.972,14.541,8833.435,727.772,1808.115,1646.167
2021,Hawaiian Electric Co Inc, ,0.103,0.301,348.396, ,295.868,862.877
2021,Mid-Atlantic,312969.906,226.248,182.258,826965.09,378.456,273.588,220.394
2021,"PJM Interconnection, LLC",312969.906,226.248,182.258,826965.09,378.456,273.588,220.394
2021,Midwest,420669.148,400.458,349.345,729145.03,576.935,549.216,479.116
2021,"Associated Electric Cooperative, Inc.",16491.645,24.222,25.994,25778.301,639.749,939.645,1008.373
2021,GridLiance,5427.059,12.003,3.079,5128.019,1058.315,2340.685,600.424
2021,LG&E and KU Services Company as agent for Louisville Gas and Electric Company and Kentucky Utilities Company,28752.24,15.884,13.149,33499.166,858.297,474.146,392.506
2021,"Midcontinent Independent System Operator, Inc.",369998.204,348.349,307.124,664739.545,556.606,524.038,462.021
2021,New England ISO,27338.532,8.165,21.416,102603.61,266.448,79.581,208.724
2021,New England ISO,27338.532,8.165,21.416,102603.61,266.448,79.581,208.724
2021,New York Independent System Operator,31488.524,7.135,26.835,131086.887,240.211,54.431,204.712
2021,New York Independent System Operator,31488.524,7.135,26.835,131086.887,240.211,54.431,204.712
2021,Northwest,139047.928,71.683,124.691,385691.951,360.516,185.857,323.292
2021,"Avangrid Renewables, LLC",1210.388,0.006,0.135,6990.559,173.146,0.913,19.281
2021,Avista Corporation,1099.03,3.5,2.999,8446.561,130.116,414.421,355.063
2021,Bonneville Power Administration,8445.692,16.44,12.152,101563.339,83.157,161.87,119.652
2021,"City of Tacoma, Department of Public Utilities, Light Division",29.477,1.617,0.45,2974.226,9.911,543.589,151.414
2021,"Gridforce Energy Management, LLC",1649.433,0.009,0.22,4341.072,379.96,1.991,50.743
2021,Idaho Power Company,1617.481,0.393,2.487,11894.209,135.989,33.072,209.091
2021,"NaturEner Power Watch, LLC (GWA)", , , ,549.651, , , 
2021,"NaturEner Wind Watch, LLC", , , ,644.95, , , 
2021,Nevada Power Company,13477.699,2.392,10.047,36133.326,372.999,66.203,278.065
2021,NorthWestern Corporation,12614.009,7.636,11.038,16343.287,771.816,467.223,675.38
2021,PUD No. 1 of Douglas County, , , ,4074.325, , , 
2021,PacifiCorp East,44616.684,23.471,44.549,63193.859,706.029,371.419,704.961
2021,PacifiCorp West,1131.823,0.105,2.014,8593.63,131.705,12.17,234.316
2021,Portland General Electric Company,3767.048,0.035,9.904,13133.628,286.825,2.664,754.087
2021,Public Service Company of Colorado,12406.421,3.487,5.216,32984.985,376.123,105.706,158.145
2021,Public Utility District No. 1 of Chelan County, , , ,8517.25, , , 
2021,"Public Utility District No. 2 of Grant County, Washington", , , ,4997.331, , , 
2021,"Puget Sound Energy, Inc.",3270.142,0.062,2.841,10398.011,314.497,5.919,273.182
2021,Seattle City Light,85.262,0.001,0.425,6021.304,14.16,0.125,70.607
2021,Western Area Power Administration - Rocky Mountain Region,33627.339,12.53,20.213,40882.049,822.545,306.483,494.426
2021,Western Area Power Administration - Upper Great Plains West, , , ,3014.398, , , 
2021,Southeast,104733.043,85.597,72.49,253441.245,413.244,337.74,286.022
2021,PowerSouth Energy Cooperative,1946.228,0.01,0.837,4636.14,419.795,2.127,180.643
2021,Southeastern Power Administration, ,0.002,0.029,1948.014, ,0.98,14.7
2021,"Southern Company Services, Inc. - Trans",102786.815,85.586,71.624,246857.091,416.382,346.701,290.142
2021,Southwest,52007.274,9.56,36.047,138384.809,375.816,69.081,260.485
2021,Arizona Public Service Company,11451.386,2.79,5.032,16332.972,701.121,170.818,308.096
2021,"Arlington Valley, LLC - AVBA",925.251,0.005,0.065,2378.008,389.087,1.991,27.128
2021,El Paso Electric Company,2502.934,0.015,2.712,5052.316,495.403,2.916,536.708
2021,"Griffith Energy, LLC",1317.633,0.007,0.109,3449.007,382.033,1.96,31.528
2021,"New Harquahala Generating Company, LLC - HGBA",846.571,0.004,0.067,2238.544,378.179,1.93,29.979
2021,Public Service Company of New Mexico,6856.266,0.86,7.608,14759.773,464.524,58.262,515.477
2021,Salt River Project Agricultural Improvement and Power District,14299.454,0.214,10.343,63932.043,223.666,3.349,161.783
2021,Tucson Electric Power,10101.026,5.471,8.442,13638.129,740.646,401.135,619.01
2021,Western Area Power Administration - Desert Southwest Region,3706.752,0.194,1.669,16604.016,223.244,11.708,100.547
2021,Tennessee Valley Authority,48035.547,39.268,20.703,165430.587,290.367,237.368,125.146
2021,Tennessee Valley Authority,48035.547,39.268,20.703,165430.587,290.367,237.368,125.146
2021,Balancing Authority Not Reported or Invalid Balancing Authority,4.997,0.132,0.03,1320.055,3.786,99.895,22.45
2021,Balancing Authority Not Reported or Invalid Balancing Authority,4.997,0.132,0.03,1320.055,3.786,99.895,22.45
2021,United States,1651911.311,1168.051,1253.196,4108302.835,402.091,284.315,305.04